alpha_r,alpha_m,alpha_l,sigma_m,sigma_l,rho,mu,M_factor_error,L_factor_error,true_sigma_m,true_sigma_l,true_alpha_r,true_alpha_m,true_alpha_l,true_rho,true_mu,sigma_m_error,sigma_l_error,rho_error,alpha_r_error,alpha_m_error,alpha_l_error,mu_error
1.0500000000000005,0.6383556232328568,0.016468741227844096,0.03230161595411694,1e-06,0.002627838395673094,0.09260851048268139,-0.0007802417541101423,0.0019420978682158623,0.0054600000000000004,0.0048200000000000005,1.0547,0.6358,0.0165,0.212,0.10554999999999999,0.026841615954116937,-0.004819,-0.2093721616043269,-0.004699999999999482,0.0025556232328567408,-3.1258772155904474e-05,-0.012941489517318605
1.0500000000000005,0.6380090809804937,0.01647562311871355,0.03803385326515051,1.1240513597485258e-06,0.0026659611845076866,-0.021171076621481322,-0.003907941820784252,0.008884530836356949,0.0054600000000000004,0.01446,1.0547,0.6358,0.0165,0.212,0.10554999999999999,0.03257385326515051,-0.014458875948640253,-0.2093340388154923,-0.004699999999999482,0.0022090809804936606,-2.437688128644963e-05,-0.1267210766214813
1.0500000000000005,0.6385093270678203,0.016468253047719504,0.03542203725478128,1e-06,0.00263785900815355,0.09147944689303296,-0.0007672650997594682,0.0019136725547973358,0.016380000000000002,0.0048200000000000005,1.0547,0.6358,0.0165,0.212,0.10554999999999999,0.01904203725478128,-0.004819,-0.20936214099184644,-0.004699999999999482,0.002709327067820233,-3.1746952280496676e-05,-0.014070553106967032
1.0500000000000005,0.6383561028178695,0.016468731542714273,0.04147274987282322,1.137924980983551e-06,0.002677779672243149,-0.024383335627098535,-0.0039190066482201035,0.00893236725260725,0.016380000000000002,0.01446,1.0547,0.6358,0.0165,0.212,0.10554999999999999,0.025092749872823217,-0.014458862075019016,-0.20932222032775685,-0.004699999999999482,0.0025561028178694434,-3.126845728572761e-05,-0.12993333562709852
